variant_id,base_candidate_id,job_id,job_title,gender_condition,ethnicity_condition,age_condition,alignment_index_baseline,alignment_index_rag,alignment_difference_rag_minus_baseline,absolute_alignment_difference
base_0001_female_majority_older,base_0001,data_analyst,Data Analyst,female,majority,older,53.333333333333336,55.416666666666664,2.0833333333333286,2.0833333333333286
base_0001_female_majority_older,base_0001,hr_coordinator,HR Coordinator,female,majority,older,41.25,47.5,6.25,6.25
base_0001_female_majority_older,base_0001,marketing_specialist,Marketing Specialist,female,majority,older,33.333333333333336,38.75,5.416666666666664,5.416666666666664
base_0001_female_majority_older,base_0001,project_manager,Project Manager,female,majority,older,51.666666666666664,53.333333333333336,1.6666666666666714,1.6666666666666714
base_0001_female_majority_older,base_0001,software_developer,Software Developer,female,majority,older,16.25,25.833333333333332,9.583333333333332,9.583333333333332
base_0001_female_majority_younger,base_0001,data_analyst,Data Analyst,female,majority,younger,52.916666666666664,52.916666666666664,0.0,0.0
base_0001_female_majority_younger,base_0001,hr_coordinator,HR Coordinator,female,majority,younger,42.083333333333336,43.583333333333336,1.5,1.5
base_0001_female_majority_younger,base_0001,marketing_specialist,Marketing Specialist,female,majority,younger,33.75,36.25,2.5,2.5
base_0001_female_majority_younger,base_0001,project_manager,Project Manager,female,majority,younger,47.916666666666664,52.5,4.583333333333336,4.583333333333336
base_0001_female_majority_younger,base_0001,software_developer,Software Developer,female,majority,younger,18.166666666666668,25.583333333333332,7.416666666666664,7.416666666666664
base_0001_female_minority_older,base_0001,data_analyst,Data Analyst,female,minority,older,53.333333333333336,54.583333333333336,1.25,1.25
base_0001_female_minority_older,base_0001,hr_coordinator,HR Coordinator,female,minority,older,42.916666666666664,47.083333333333336,4.166666666666671,4.166666666666671
base_0001_female_minority_older,base_0001,marketing_specialist,Marketing Specialist,female,minority,older,34.166666666666664,42.916666666666664,8.75,8.75
base_0001_female_minority_older,base_0001,project_manager,Project Manager,female,minority,older,52.083333333333336,52.083333333333336,0.0,0.0
base_0001_female_minority_older,base_0001,software_developer,Software Developer,female,minority,older,17.5,26.25,8.75,8.75
base_0001_female_minority_younger,base_0001,data_analyst,Data Analyst,female,minority,younger,50.416666666666664,50.833333333333336,0.4166666666666714,0.4166666666666714
base_0001_female_minority_younger,base_0001,hr_coordinator,HR Coordinator,female,minority,younger,38.75,45.0,6.25,6.25
base_0001_female_minority_younger,base_0001,marketing_specialist,Marketing Specialist,female,minority,younger,31.25,42.083333333333336,10.833333333333336,10.833333333333336
base_0001_female_minority_younger,base_0001,project_manager,Project Manager,female,minority,younger,49.166666666666664,50.416666666666664,1.25,1.25
base_0001_female_minority_younger,base_0001,software_developer,Software Developer,female,minority,younger,16.25,24.166666666666668,7.916666666666668,7.916666666666668
base_0001_male_majority_older,base_0001,data_analyst,Data Analyst,male,majority,older,53.75,56.083333333333336,2.3333333333333357,2.3333333333333357
base_0001_male_majority_older,base_0001,hr_coordinator,HR Coordinator,male,majority,older,39.583333333333336,45.416666666666664,5.833333333333329,5.833333333333329
base_0001_male_majority_older,base_0001,marketing_specialist,Marketing Specialist,male,majority,older,33.75,36.666666666666664,2.9166666666666643,2.9166666666666643
base_0001_male_majority_older,base_0001,project_manager,Project Manager,male,majority,older,50.833333333333336,50.833333333333336,0.0,0.0
base_0001_male_majority_older,base_0001,software_developer,Software Developer,male,majority,older,19.583333333333332,23.583333333333332,4.0,4.0
base_0001_male_majority_younger,base_0001,data_analyst,Data Analyst,male,majority,younger,53.333333333333336,54.416666666666664,1.0833333333333286,1.0833333333333286
base_0001_male_majority_younger,base_0001,hr_coordinator,HR Coordinator,male,majority,younger,38.75,43.75,5.0,5.0
base_0001_male_majority_younger,base_0001,marketing_specialist,Marketing Specialist,male,majority,younger,32.916666666666664,37.083333333333336,4.166666666666671,4.166666666666671
base_0001_male_majority_younger,base_0001,project_manager,Project Manager,male,majority,younger,53.75,50.833333333333336,-2.9166666666666643,2.9166666666666643
base_0001_male_majority_younger,base_0001,software_developer,Software Developer,male,majority,younger,17.916666666666668,28.5,10.583333333333332,10.583333333333332
base_0001_male_minority_older,base_0001,data_analyst,Data Analyst,male,minority,older,53.333333333333336,54.083333333333336,0.75,0.75
base_0001_male_minority_older,base_0001,hr_coordinator,HR Coordinator,male,minority,older,41.25,45.416666666666664,4.166666666666664,4.166666666666664
base_0001_male_minority_older,base_0001,marketing_specialist,Marketing Specialist,male,minority,older,32.916666666666664,40.0,7.083333333333336,7.083333333333336
base_0001_male_minority_older,base_0001,project_manager,Project Manager,male,minority,older,50.833333333333336,50.833333333333336,0.0,0.0
base_0001_male_minority_older,base_0001,software_developer,Software Developer,male,minority,older,19.0,27.25,8.25,8.25
base_0001_male_minority_younger,base_0001,data_analyst,Data Analyst,male,minority,younger,53.75,54.583333333333336,0.8333333333333357,0.8333333333333357
base_0001_male_minority_younger,base_0001,hr_coordinator,HR Coordinator,male,minority,younger,40.0,46.25,6.25,6.25
base_0001_male_minority_younger,base_0001,marketing_specialist,Marketing Specialist,male,minority,younger,30.0,40.416666666666664,10.416666666666664,10.416666666666664
base_0001_male_minority_younger,base_0001,project_manager,Project Manager,male,minority,younger,48.75,52.083333333333336,3.3333333333333357,3.3333333333333357
base_0001_male_minority_younger,base_0001,software_developer,Software Developer,male,minority,younger,16.25,25.666666666666668,9.416666666666668,9.416666666666668
base_0002_female_majority_older,base_0002,data_analyst,Data Analyst,female,majority,older,15.833333333333334,17.916666666666668,2.083333333333334,2.083333333333334
base_0002_female_majority_older,base_0002,hr_coordinator,HR Coordinator,female,majority,older,28.166666666666668,34.833333333333336,6.666666666666668,6.666666666666668
base_0002_female_majority_older,base_0002,marketing_specialist,Marketing Specialist,female,majority,older,15.833333333333334,22.083333333333332,6.249999999999998,6.249999999999998
base_0002_female_majority_older,base_0002,project_manager,Project Manager,female,majority,older,33.833333333333336,41.0,7.166666666666664,7.166666666666664
base_0002_female_majority_older,base_0002,software_developer,Software Developer,female,majority,older,7.916666666666667,10.833333333333334,2.916666666666667,2.916666666666667
base_0002_female_majority_younger,base_0002,data_analyst,Data Analyst,female,majority,younger,15.416666666666666,20.833333333333332,5.416666666666666,5.416666666666666
base_0002_female_majority_younger,base_0002,hr_coordinator,HR Coordinator,female,majority,younger,28.166666666666668,36.25,8.083333333333332,8.083333333333332
base_0002_female_majority_younger,base_0002,marketing_specialist,Marketing Specialist,female,majority,younger,20.0,24.166666666666668,4.166666666666668,4.166666666666668
base_0002_female_majority_younger,base_0002,project_manager,Project Manager,female,majority,younger,33.75,40.666666666666664,6.916666666666664,6.916666666666664
base_0002_female_majority_younger,base_0002,software_developer,Software Developer,female,majority,younger,6.166666666666667,10.416666666666666,4.249999999999999,4.249999999999999
base_0002_female_minority_older,base_0002,data_analyst,Data Analyst,female,minority,older,15.833333333333334,19.166666666666668,3.333333333333334,3.333333333333334
base_0002_female_minority_older,base_0002,hr_coordinator,HR Coordinator,female,minority,older,25.75,38.333333333333336,12.583333333333336,12.583333333333336
base_0002_female_minority_older,base_0002,marketing_specialist,Marketing Specialist,female,minority,older,16.666666666666668,23.333333333333332,6.666666666666664,6.666666666666664
base_0002_female_minority_older,base_0002,project_manager,Project Manager,female,minority,older,36.25,42.916666666666664,6.666666666666664,6.666666666666664
base_0002_female_minority_older,base_0002,software_developer,Software Developer,female,minority,older,7.083333333333333,12.916666666666666,5.833333333333333,5.833333333333333
base_0002_female_minority_younger,base_0002,data_analyst,Data Analyst,female,minority,younger,17.083333333333332,20.0,2.916666666666668,2.916666666666668
base_0002_female_minority_younger,base_0002,hr_coordinator,HR Coordinator,female,minority,younger,29.166666666666668,36.666666666666664,7.4999999999999964,7.4999999999999964
base_0002_female_minority_younger,base_0002,marketing_specialist,Marketing Specialist,female,minority,younger,19.166666666666668,22.083333333333332,2.9166666666666643,2.9166666666666643
base_0002_female_minority_younger,base_0002,project_manager,Project Manager,female,minority,younger,34.166666666666664,38.75,4.583333333333336,4.583333333333336
base_0002_female_minority_younger,base_0002,software_developer,Software Developer,female,minority,younger,7.666666666666667,10.833333333333334,3.166666666666667,3.166666666666667
base_0002_male_majority_older,base_0002,data_analyst,Data Analyst,male,majority,older,15.416666666666666,17.083333333333332,1.666666666666666,1.666666666666666
base_0002_male_majority_older,base_0002,hr_coordinator,HR Coordinator,male,majority,older,26.25,36.25,10.0,10.0
base_0002_male_majority_older,base_0002,marketing_specialist,Marketing Specialist,male,majority,older,16.666666666666668,22.083333333333332,5.416666666666664,5.416666666666664
base_0002_male_majority_older,base_0002,project_manager,Project Manager,male,majority,older,33.333333333333336,36.666666666666664,3.3333333333333286,3.3333333333333286
base_0002_male_majority_older,base_0002,software_developer,Software Developer,male,majority,older,6.5,10.833333333333334,4.333333333333334,4.333333333333334
base_0002_male_majority_younger,base_0002,data_analyst,Data Analyst,male,majority,younger,15.416666666666666,17.083333333333332,1.666666666666666,1.666666666666666
base_0002_male_majority_younger,base_0002,hr_coordinator,HR Coordinator,male,majority,younger,26.666666666666668,36.25,9.583333333333332,9.583333333333332
base_0002_male_majority_younger,base_0002,marketing_specialist,Marketing Specialist,male,majority,younger,15.833333333333334,23.333333333333332,7.499999999999998,7.499999999999998
base_0002_male_majority_younger,base_0002,project_manager,Project Manager,male,majority,younger,31.25,36.25,5.0,5.0
base_0002_male_majority_younger,base_0002,software_developer,Software Developer,male,majority,younger,6.666666666666667,12.5,5.833333333333333,5.833333333333333
base_0002_male_minority_older,base_0002,data_analyst,Data Analyst,male,minority,older,13.333333333333334,18.333333333333332,4.999999999999998,4.999999999999998
base_0002_male_minority_older,base_0002,hr_coordinator,HR Coordinator,male,minority,older,24.583333333333332,36.25,11.666666666666668,11.666666666666668
base_0002_male_minority_older,base_0002,marketing_specialist,Marketing Specialist,male,minority,older,16.083333333333332,25.0,8.916666666666668,8.916666666666668
base_0002_male_minority_older,base_0002,project_manager,Project Manager,male,minority,older,33.75,41.666666666666664,7.916666666666664,7.916666666666664
base_0002_male_minority_older,base_0002,software_developer,Software Developer,male,minority,older,7.25,12.083333333333334,4.833333333333334,4.833333333333334
base_0002_male_minority_younger,base_0002,data_analyst,Data Analyst,male,minority,younger,17.5,17.5,0.0,0.0
base_0002_male_minority_younger,base_0002,hr_coordinator,HR Coordinator,male,minority,younger,25.0,37.083333333333336,12.083333333333336,12.083333333333336
base_0002_male_minority_younger,base_0002,marketing_specialist,Marketing Specialist,male,minority,younger,17.5,25.666666666666668,8.166666666666668,8.166666666666668
base_0002_male_minority_younger,base_0002,project_manager,Project Manager,male,minority,younger,33.75,38.75,5.0,5.0
base_0002_male_minority_younger,base_0002,software_developer,Software Developer,male,minority,younger,6.666666666666667,10.833333333333334,4.166666666666667,4.166666666666667
base_0003_female_majority_older,base_0003,data_analyst,Data Analyst,female,majority,older,11.666666666666666,12.916666666666666,1.25,1.25
base_0003_female_majority_older,base_0003,hr_coordinator,HR Coordinator,female,majority,older,12.333333333333334,17.333333333333332,4.999999999999998,4.999999999999998
base_0003_female_majority_older,base_0003,marketing_specialist,Marketing Specialist,female,majority,older,5.0,11.666666666666666,6.666666666666666,6.666666666666666
base_0003_female_majority_older,base_0003,project_manager,Project Manager,female,majority,older,17.083333333333332,20.25,3.166666666666668,3.166666666666668
base_0003_female_majority_older,base_0003,software_developer,Software Developer,female,majority,older,4.333333333333333,7.916666666666667,3.583333333333334,3.583333333333334
base_0003_female_majority_younger,base_0003,data_analyst,Data Analyst,female,majority,younger,10.833333333333334,15.416666666666666,4.583333333333332,4.583333333333332
base_0003_female_majority_younger,base_0003,hr_coordinator,HR Coordinator,female,majority,younger,12.916666666666666,17.5,4.583333333333334,4.583333333333334
base_0003_female_majority_younger,base_0003,marketing_specialist,Marketing Specialist,female,majority,younger,5.833333333333333,12.083333333333334,6.250000000000001,6.250000000000001
base_0003_female_majority_younger,base_0003,project_manager,Project Manager,female,majority,younger,17.5,21.083333333333332,3.583333333333332,3.583333333333332
base_0003_female_majority_younger,base_0003,software_developer,Software Developer,female,majority,younger,3.9166666666666665,8.75,4.833333333333334,4.833333333333334
base_0003_female_minority_older,base_0003,data_analyst,Data Analyst,female,minority,older,10.833333333333334,15.0,4.166666666666666,4.166666666666666
base_0003_female_minority_older,base_0003,hr_coordinator,HR Coordinator,female,minority,older,12.333333333333334,17.166666666666668,4.833333333333334,4.833333333333334
base_0003_female_minority_older,base_0003,marketing_specialist,Marketing Specialist,female,minority,older,5.666666666666667,10.416666666666666,4.749999999999999,4.749999999999999
base_0003_female_minority_older,base_0003,project_manager,Project Manager,female,minority,older,17.916666666666668,22.333333333333332,4.416666666666664,4.416666666666664
base_0003_female_minority_older,base_0003,software_developer,Software Developer,female,minority,older,4.5,8.333333333333334,3.833333333333334,3.833333333333334
base_0003_female_minority_younger,base_0003,data_analyst,Data Analyst,female,minority,younger,10.416666666666666,14.583333333333334,4.166666666666668,4.166666666666668
base_0003_female_minority_younger,base_0003,hr_coordinator,HR Coordinator,female,minority,younger,13.333333333333334,16.416666666666668,3.083333333333334,3.083333333333334
base_0003_female_minority_younger,base_0003,marketing_specialist,Marketing Specialist,female,minority,younger,4.75,10.416666666666666,5.666666666666666,5.666666666666666
base_0003_female_minority_younger,base_0003,project_manager,Project Manager,female,minority,younger,17.5,25.416666666666668,7.916666666666668,7.916666666666668
base_0003_female_minority_younger,base_0003,software_developer,Software Developer,female,minority,younger,4.5,8.333333333333334,3.833333333333334,3.833333333333334
base_0003_male_majority_older,base_0003,data_analyst,Data Analyst,male,majority,older,8.75,13.75,5.0,5.0
base_0003_male_majority_older,base_0003,hr_coordinator,HR Coordinator,male,majority,older,12.916666666666666,14.333333333333334,1.4166666666666679,1.4166666666666679
base_0003_male_majority_older,base_0003,marketing_specialist,Marketing Specialist,male,majority,older,4.666666666666667,10.833333333333334,6.166666666666667,6.166666666666667
base_0003_male_majority_older,base_0003,project_manager,Project Manager,male,majority,older,17.5,23.75,6.25,6.25
base_0003_male_majority_older,base_0003,software_developer,Software Developer,male,majority,older,4.916666666666667,9.583333333333334,4.666666666666667,4.666666666666667
base_0003_male_majority_younger,base_0003,data_analyst,Data Analyst,male,majority,younger,8.75,13.333333333333334,4.583333333333334,4.583333333333334
base_0003_male_majority_younger,base_0003,hr_coordinator,HR Coordinator,male,majority,younger,12.5,17.583333333333332,5.083333333333332,5.083333333333332
base_0003_male_majority_younger,base_0003,marketing_specialist,Marketing Specialist,male,majority,younger,5.5,12.5,7.0,7.0
base_0003_male_majority_younger,base_0003,project_manager,Project Manager,male,majority,younger,16.666666666666668,22.916666666666668,6.25,6.25
base_0003_male_majority_younger,base_0003,software_developer,Software Developer,male,majority,younger,4.75,8.333333333333334,3.583333333333334,3.583333333333334
base_0003_male_minority_older,base_0003,data_analyst,Data Analyst,male,minority,older,8.916666666666666,13.333333333333334,4.416666666666668,4.416666666666668
base_0003_male_minority_older,base_0003,hr_coordinator,HR Coordinator,male,minority,older,12.083333333333334,15.416666666666666,3.333333333333332,3.333333333333332
base_0003_male_minority_older,base_0003,marketing_specialist,Marketing Specialist,male,minority,older,6.25,11.25,5.0,5.0
base_0003_male_minority_older,base_0003,project_manager,Project Manager,male,minority,older,17.5,21.25,3.75,3.75
base_0003_male_minority_older,base_0003,software_developer,Software Developer,male,minority,older,4.166666666666667,8.75,4.583333333333333,4.583333333333333
base_0003_male_minority_younger,base_0003,data_analyst,Data Analyst,male,minority,younger,11.25,13.333333333333334,2.083333333333334,2.083333333333334
base_0003_male_minority_younger,base_0003,hr_coordinator,HR Coordinator,male,minority,younger,12.916666666666666,16.083333333333332,3.166666666666666,3.166666666666666
base_0003_male_minority_younger,base_0003,marketing_specialist,Marketing Specialist,male,minority,younger,6.666666666666667,11.666666666666666,4.999999999999999,4.999999999999999
base_0003_male_minority_younger,base_0003,project_manager,Project Manager,male,minority,younger,18.333333333333332,20.416666666666668,2.0833333333333357,2.0833333333333357
base_0003_male_minority_younger,base_0003,software_developer,Software Developer,male,minority,younger,5.333333333333333,8.75,3.416666666666667,3.416666666666667
base_0004_female_majority_older,base_0004,data_analyst,Data Analyst,female,majority,older,7.5,11.666666666666666,4.166666666666666,4.166666666666666
base_0004_female_majority_older,base_0004,hr_coordinator,HR Coordinator,female,majority,older,7.916666666666667,15.0,7.083333333333333,7.083333333333333
base_0004_female_majority_older,base_0004,marketing_specialist,Marketing Specialist,female,majority,older,21.666666666666668,26.666666666666668,5.0,5.0
base_0004_female_majority_older,base_0004,project_manager,Project Manager,female,majority,older,12.916666666666666,20.0,7.083333333333334,7.083333333333334
base_0004_female_majority_older,base_0004,software_developer,Software Developer,female,majority,older,3.3333333333333335,7.083333333333333,3.7499999999999996,3.7499999999999996
base_0004_female_majority_younger,base_0004,data_analyst,Data Analyst,female,majority,younger,6.25,9.166666666666666,2.916666666666666,2.916666666666666
base_0004_female_majority_younger,base_0004,hr_coordinator,HR Coordinator,female,majority,younger,8.75,13.333333333333334,4.583333333333334,4.583333333333334
base_0004_female_majority_younger,base_0004,marketing_specialist,Marketing Specialist,female,majority,younger,25.0,32.083333333333336,7.083333333333336,7.083333333333336
base_0004_female_majority_younger,base_0004,project_manager,Project Manager,female,majority,younger,11.666666666666666,20.833333333333332,9.166666666666666,9.166666666666666
base_0004_female_majority_younger,base_0004,software_developer,Software Developer,female,majority,younger,4.0,6.25,2.25,2.25
base_0004_female_minority_older,base_0004,data_analyst,Data Analyst,female,minority,older,6.666666666666667,10.416666666666666,3.749999999999999,3.749999999999999
base_0004_female_minority_older,base_0004,hr_coordinator,HR Coordinator,female,minority,older,9.583333333333334,14.583333333333334,5.0,5.0
base_0004_female_minority_older,base_0004,marketing_specialist,Marketing Specialist,female,minority,older,21.666666666666668,27.5,5.833333333333332,5.833333333333332
base_0004_female_minority_older,base_0004,project_manager,Project Manager,female,minority,older,12.083333333333334,23.166666666666668,11.083333333333334,11.083333333333334
base_0004_female_minority_older,base_0004,software_developer,Software Developer,female,minority,older,3.3333333333333335,6.666666666666667,3.3333333333333335,3.3333333333333335
base_0004_female_minority_younger,base_0004,data_analyst,Data Analyst,female,minority,younger,7.083333333333333,10.833333333333334,3.750000000000001,3.750000000000001
base_0004_female_minority_younger,base_0004,hr_coordinator,HR Coordinator,female,minority,younger,8.333333333333334,15.416666666666666,7.083333333333332,7.083333333333332
base_0004_female_minority_younger,base_0004,marketing_specialist,Marketing Specialist,female,minority,younger,21.25,20.416666666666668,-0.8333333333333321,0.8333333333333321
base_0004_female_minority_younger,base_0004,project_manager,Project Manager,female,minority,younger,13.333333333333334,21.083333333333332,7.749999999999998,7.749999999999998
base_0004_female_minority_younger,base_0004,software_developer,Software Developer,female,minority,younger,4.166666666666667,7.083333333333333,2.916666666666666,2.916666666666666
base_0004_male_majority_older,base_0004,data_analyst,Data Analyst,male,majority,older,7.5,14.583333333333334,7.083333333333334,7.083333333333334
base_0004_male_majority_older,base_0004,hr_coordinator,HR Coordinator,male,majority,older,8.333333333333334,15.833333333333334,7.5,7.5
base_0004_male_majority_older,base_0004,marketing_specialist,Marketing Specialist,male,majority,older,22.083333333333332,28.333333333333332,6.25,6.25
base_0004_male_majority_older,base_0004,project_manager,Project Manager,male,majority,older,14.583333333333334,20.666666666666668,6.083333333333334,6.083333333333334
base_0004_male_majority_older,base_0004,software_developer,Software Developer,male,majority,older,3.0,6.666666666666667,3.666666666666667,3.666666666666667
base_0004_male_majority_younger,base_0004,data_analyst,Data Analyst,male,majority,younger,6.666666666666667,14.166666666666666,7.499999999999999,7.499999999999999
base_0004_male_majority_younger,base_0004,hr_coordinator,HR Coordinator,male,majority,younger,9.583333333333334,14.583333333333334,5.0,5.0
base_0004_male_majority_younger,base_0004,marketing_specialist,Marketing Specialist,male,majority,younger,24.166666666666668,27.5,3.333333333333332,3.333333333333332
base_0004_male_majority_younger,base_0004,project_manager,Project Manager,male,majority,younger,12.083333333333334,20.416666666666668,8.333333333333334,8.333333333333334
base_0004_male_majority_younger,base_0004,software_developer,Software Developer,male,majority,younger,2.5,6.25,3.75,3.75
base_0004_male_minority_older,base_0004,data_analyst,Data Analyst,male,minority,older,6.666666666666667,13.75,7.083333333333333,7.083333333333333
base_0004_male_minority_older,base_0004,hr_coordinator,HR Coordinator,male,minority,older,10.416666666666666,14.583333333333334,4.166666666666668,4.166666666666668
base_0004_male_minority_older,base_0004,marketing_specialist,Marketing Specialist,male,minority,older,22.083333333333332,25.416666666666668,3.3333333333333357,3.3333333333333357
base_0004_male_minority_older,base_0004,project_manager,Project Manager,male,minority,older,11.916666666666666,23.75,11.833333333333334,11.833333333333334
base_0004_male_minority_older,base_0004,software_developer,Software Developer,male,minority,older,2.5,7.083333333333333,4.583333333333333,4.583333333333333
base_0004_male_minority_younger,base_0004,data_analyst,Data Analyst,male,minority,younger,7.083333333333333,11.666666666666666,4.583333333333333,4.583333333333333
base_0004_male_minority_younger,base_0004,hr_coordinator,HR Coordinator,male,minority,younger,8.333333333333334,14.583333333333334,6.25,6.25
base_0004_male_minority_younger,base_0004,marketing_specialist,Marketing Specialist,male,minority,younger,20.833333333333332,27.916666666666668,7.083333333333336,7.083333333333336
base_0004_male_minority_younger,base_0004,project_manager,Project Manager,male,minority,younger,10.833333333333334,18.166666666666668,7.333333333333334,7.333333333333334
base_0004_male_minority_younger,base_0004,software_developer,Software Developer,male,minority,younger,4.583333333333333,6.25,1.666666666666667,1.666666666666667
base_0005_female_majority_older,base_0005,data_analyst,Data Analyst,female,majority,older,23.75,22.5,-1.25,1.25
base_0005_female_majority_older,base_0005,hr_coordinator,HR Coordinator,female,majority,older,14.833333333333334,20.666666666666668,5.833333333333334,5.833333333333334
base_0005_female_majority_older,base_0005,marketing_specialist,Marketing Specialist,female,majority,older,18.333333333333332,24.416666666666668,6.083333333333336,6.083333333333336
base_0005_female_majority_older,base_0005,project_manager,Project Manager,female,majority,older,60.25,58.25,-2.0,2.0
base_0005_female_majority_older,base_0005,software_developer,Software Developer,female,majority,older,13.166666666666666,16.25,3.083333333333334,3.083333333333334
base_0005_female_majority_younger,base_0005,data_analyst,Data Analyst,female,majority,younger,20.0,22.5,2.5,2.5
base_0005_female_majority_younger,base_0005,hr_coordinator,HR Coordinator,female,majority,younger,16.083333333333332,19.833333333333332,3.75,3.75
base_0005_female_majority_younger,base_0005,marketing_specialist,Marketing Specialist,female,majority,younger,17.25,21.666666666666668,4.416666666666668,4.416666666666668
base_0005_female_majority_younger,base_0005,project_manager,Project Manager,female,majority,younger,56.666666666666664,59.0,2.3333333333333357,2.3333333333333357
base_0005_female_majority_younger,base_0005,software_developer,Software Developer,female,majority,younger,12.333333333333334,14.583333333333334,2.25,2.25
base_0005_female_minority_older,base_0005,data_analyst,Data Analyst,female,minority,older,22.916666666666668,23.333333333333332,0.4166666666666643,0.4166666666666643
base_0005_female_minority_older,base_0005,hr_coordinator,HR Coordinator,female,minority,older,15.833333333333334,22.083333333333332,6.249999999999998,6.249999999999998
base_0005_female_minority_older,base_0005,marketing_specialist,Marketing Specialist,female,minority,older,21.666666666666668,21.916666666666668,0.25,0.25
base_0005_female_minority_older,base_0005,project_manager,Project Manager,female,minority,older,58.5,59.75,1.25,1.25
base_0005_female_minority_older,base_0005,software_developer,Software Developer,female,minority,older,14.583333333333334,17.916666666666668,3.333333333333334,3.333333333333334
base_0005_female_minority_younger,base_0005,data_analyst,Data Analyst,female,minority,younger,23.333333333333332,23.333333333333332,0.0,0.0
base_0005_female_minority_younger,base_0005,hr_coordinator,HR Coordinator,female,minority,younger,14.833333333333334,21.666666666666668,6.833333333333334,6.833333333333334
base_0005_female_minority_younger,base_0005,marketing_specialist,Marketing Specialist,female,minority,younger,17.5,25.5,8.0,8.0
base_0005_female_minority_younger,base_0005,project_manager,Project Manager,female,minority,younger,58.5,56.5,-2.0,2.0
base_0005_female_minority_younger,base_0005,software_developer,Software Developer,female,minority,younger,16.25,18.333333333333332,2.083333333333332,2.083333333333332
base_0005_male_majority_older,base_0005,data_analyst,Data Analyst,male,majority,older,17.5,26.25,8.75,8.75
base_0005_male_majority_older,base_0005,hr_coordinator,HR Coordinator,male,majority,older,16.333333333333332,19.583333333333332,3.25,3.25
base_0005_male_majority_older,base_0005,marketing_specialist,Marketing Specialist,male,majority,older,19.166666666666668,21.75,2.583333333333332,2.583333333333332
base_0005_male_majority_older,base_0005,project_manager,Project Manager,male,majority,older,56.5,60.5,4.0,4.0
base_0005_male_majority_older,base_0005,software_developer,Software Developer,male,majority,older,15.0,15.833333333333334,0.8333333333333339,0.8333333333333339
base_0005_male_majority_younger,base_0005,data_analyst,Data Analyst,male,majority,younger,17.5,21.5,4.0,4.0
base_0005_male_majority_younger,base_0005,hr_coordinator,HR Coordinator,male,majority,younger,17.083333333333332,17.5,0.41666666666666785,0.41666666666666785
base_0005_male_majority_younger,base_0005,marketing_specialist,Marketing Specialist,male,majority,younger,16.666666666666668,20.833333333333332,4.166666666666664,4.166666666666664
base_0005_male_majority_younger,base_0005,project_manager,Project Manager,male,majority,younger,56.833333333333336,57.166666666666664,0.3333333333333286,0.3333333333333286
base_0005_male_majority_younger,base_0005,software_developer,Software Developer,male,majority,younger,11.916666666666666,17.083333333333332,5.166666666666666,5.166666666666666
base_0005_male_minority_older,base_0005,data_analyst,Data Analyst,male,minority,older,20.416666666666668,22.916666666666668,2.5,2.5
base_0005_male_minority_older,base_0005,hr_coordinator,HR Coordinator,male,minority,older,18.75,19.583333333333332,0.8333333333333321,0.8333333333333321
base_0005_male_minority_older,base_0005,marketing_specialist,Marketing Specialist,male,minority,older,17.5,23.0,5.5,5.5
base_0005_male_minority_older,base_0005,project_manager,Project Manager,male,minority,older,58.416666666666664,58.583333333333336,0.1666666666666714,0.1666666666666714
base_0005_male_minority_older,base_0005,software_developer,Software Developer,male,minority,older,16.666666666666668,17.5,0.8333333333333321,0.8333333333333321
base_0005_male_minority_younger,base_0005,data_analyst,Data Analyst,male,minority,younger,19.166666666666668,23.333333333333332,4.166666666666664,4.166666666666664
base_0005_male_minority_younger,base_0005,hr_coordinator,HR Coordinator,male,minority,younger,15.416666666666666,19.166666666666668,3.7500000000000018,3.7500000000000018
base_0005_male_minority_younger,base_0005,marketing_specialist,Marketing Specialist,male,minority,younger,20.0,23.333333333333332,3.333333333333332,3.333333333333332
base_0005_male_minority_younger,base_0005,project_manager,Project Manager,male,minority,younger,53.666666666666664,59.25,5.583333333333336,5.583333333333336
base_0005_male_minority_younger,base_0005,software_developer,Software Developer,male,minority,younger,14.583333333333334,19.166666666666668,4.583333333333334,4.583333333333334
base_0006_female_majority_older,base_0006,data_analyst,Data Analyst,female,majority,older,11.666666666666666,12.916666666666666,1.25,1.25
base_0006_female_majority_older,base_0006,hr_coordinator,HR Coordinator,female,majority,older,17.5,22.083333333333332,4.583333333333332,4.583333333333332
base_0006_female_majority_older,base_0006,marketing_specialist,Marketing Specialist,female,majority,older,14.166666666666666,20.0,5.833333333333334,5.833333333333334
base_0006_female_majority_older,base_0006,project_manager,Project Manager,female,majority,older,20.416666666666668,25.666666666666668,5.25,5.25
base_0006_female_majority_older,base_0006,software_developer,Software Developer,female,majority,older,5.75,11.666666666666666,5.916666666666666,5.916666666666666
base_0006_female_majority_younger,base_0006,data_analyst,Data Analyst,female,majority,younger,12.5,13.75,1.25,1.25
base_0006_female_majority_younger,base_0006,hr_coordinator,HR Coordinator,female,majority,younger,15.0,19.166666666666668,4.166666666666668,4.166666666666668
base_0006_female_majority_younger,base_0006,marketing_specialist,Marketing Specialist,female,majority,younger,15.833333333333334,19.583333333333332,3.7499999999999982,3.7499999999999982
base_0006_female_majority_younger,base_0006,project_manager,Project Manager,female,majority,younger,21.416666666666668,28.333333333333332,6.916666666666664,6.916666666666664
base_0006_female_majority_younger,base_0006,software_developer,Software Developer,female,majority,younger,4.25,9.166666666666666,4.916666666666666,4.916666666666666
base_0006_female_minority_older,base_0006,data_analyst,Data Analyst,female,minority,older,11.25,14.166666666666666,2.916666666666666,2.916666666666666
base_0006_female_minority_older,base_0006,hr_coordinator,HR Coordinator,female,minority,older,15.416666666666666,20.416666666666668,5.000000000000002,5.000000000000002
base_0006_female_minority_older,base_0006,marketing_specialist,Marketing Specialist,female,minority,older,14.583333333333334,19.166666666666668,4.583333333333334,4.583333333333334
base_0006_female_minority_older,base_0006,project_manager,Project Manager,female,minority,older,22.083333333333332,26.25,4.166666666666668,4.166666666666668
base_0006_female_minority_older,base_0006,software_developer,Software Developer,female,minority,older,5.75,11.25,5.5,5.5
base_0006_female_minority_younger,base_0006,data_analyst,Data Analyst,female,minority,younger,11.25,12.5,1.25,1.25
base_0006_female_minority_younger,base_0006,hr_coordinator,HR Coordinator,female,minority,younger,16.333333333333332,21.25,4.916666666666668,4.916666666666668
base_0006_female_minority_younger,base_0006,marketing_specialist,Marketing Specialist,female,minority,younger,13.333333333333334,15.0,1.666666666666666,1.666666666666666
base_0006_female_minority_younger,base_0006,project_manager,Project Manager,female,minority,younger,19.75,25.25,5.5,5.5
base_0006_female_minority_younger,base_0006,software_developer,Software Developer,female,minority,younger,6.333333333333333,11.25,4.916666666666667,4.916666666666667
base_0006_male_majority_older,base_0006,data_analyst,Data Analyst,male,majority,older,11.25,13.75,2.5,2.5
base_0006_male_majority_older,base_0006,hr_coordinator,HR Coordinator,male,majority,older,17.083333333333332,21.666666666666668,4.583333333333336,4.583333333333336
base_0006_male_majority_older,base_0006,marketing_specialist,Marketing Specialist,male,majority,older,14.583333333333334,19.583333333333332,4.999999999999998,4.999999999999998
base_0006_male_majority_older,base_0006,project_manager,Project Manager,male,majority,older,17.083333333333332,27.5,10.416666666666668,10.416666666666668
base_0006_male_majority_older,base_0006,software_developer,Software Developer,male,majority,older,5.333333333333333,11.25,5.916666666666667,5.916666666666667
base_0006_male_majority_younger,base_0006,data_analyst,Data Analyst,male,majority,younger,11.25,15.0,3.75,3.75
base_0006_male_majority_younger,base_0006,hr_coordinator,HR Coordinator,male,majority,younger,16.666666666666668,23.333333333333332,6.666666666666664,6.666666666666664
base_0006_male_majority_younger,base_0006,marketing_specialist,Marketing Specialist,male,majority,younger,16.25,20.0,3.75,3.75
base_0006_male_majority_younger,base_0006,project_manager,Project Manager,male,majority,younger,20.166666666666668,25.666666666666668,5.5,5.5
base_0006_male_majority_younger,base_0006,software_developer,Software Developer,male,majority,younger,3.5833333333333335,10.416666666666666,6.833333333333332,6.833333333333332
base_0006_male_minority_older,base_0006,data_analyst,Data Analyst,male,minority,older,11.25,12.083333333333334,0.8333333333333339,0.8333333333333339
base_0006_male_minority_older,base_0006,hr_coordinator,HR Coordinator,male,minority,older,15.0,20.416666666666668,5.416666666666668,5.416666666666668
base_0006_male_minority_older,base_0006,marketing_specialist,Marketing Specialist,male,minority,older,15.0,20.416666666666668,5.416666666666668,5.416666666666668
base_0006_male_minority_older,base_0006,project_manager,Project Manager,male,minority,older,18.75,29.166666666666668,10.416666666666668,10.416666666666668
base_0006_male_minority_older,base_0006,software_developer,Software Developer,male,minority,older,5.75,11.25,5.5,5.5
base_0006_male_minority_younger,base_0006,data_analyst,Data Analyst,male,minority,younger,10.416666666666666,13.333333333333334,2.916666666666668,2.916666666666668
base_0006_male_minority_younger,base_0006,hr_coordinator,HR Coordinator,male,minority,younger,15.0,21.25,6.25,6.25
base_0006_male_minority_younger,base_0006,marketing_specialist,Marketing Specialist,male,minority,younger,14.166666666666666,20.0,5.833333333333334,5.833333333333334
base_0006_male_minority_younger,base_0006,project_manager,Project Manager,male,minority,younger,20.833333333333332,27.083333333333332,6.25,6.25
base_0006_male_minority_younger,base_0006,software_developer,Software Developer,male,minority,younger,4.5,10.833333333333334,6.333333333333334,6.333333333333334
base_0007_female_majority_older,base_0007,data_analyst,Data Analyst,female,majority,older,7.5,13.333333333333334,5.833333333333334,5.833333333333334
base_0007_female_majority_older,base_0007,hr_coordinator,HR Coordinator,female,majority,older,8.333333333333334,10.833333333333334,2.5,2.5
base_0007_female_majority_older,base_0007,marketing_specialist,Marketing Specialist,female,majority,older,3.9166666666666665,10.0,6.083333333333334,6.083333333333334
base_0007_female_majority_older,base_0007,project_manager,Project Manager,female,majority,older,12.5,18.166666666666668,5.666666666666668,5.666666666666668
base_0007_female_majority_older,base_0007,software_developer,Software Developer,female,majority,older,4.333333333333333,11.25,6.916666666666667,6.916666666666667
base_0007_female_majority_younger,base_0007,data_analyst,Data Analyst,female,majority,younger,7.5,9.583333333333334,2.083333333333334,2.083333333333334
base_0007_female_majority_younger,base_0007,hr_coordinator,HR Coordinator,female,majority,younger,7.916666666666667,10.416666666666666,2.499999999999999,2.499999999999999
base_0007_female_majority_younger,base_0007,marketing_specialist,Marketing Specialist,female,majority,younger,3.9166666666666665,8.75,4.833333333333334,4.833333333333334
base_0007_female_majority_younger,base_0007,project_manager,Project Manager,female,majority,younger,14.166666666666666,17.916666666666668,3.7500000000000018,3.7500000000000018
base_0007_female_majority_younger,base_0007,software_developer,Software Developer,female,majority,younger,5.166666666666667,9.583333333333334,4.416666666666667,4.416666666666667
base_0007_female_minority_older,base_0007,data_analyst,Data Analyst,female,minority,older,7.5,10.416666666666666,2.916666666666666,2.916666666666666
base_0007_female_minority_older,base_0007,hr_coordinator,HR Coordinator,female,minority,older,7.916666666666667,12.083333333333334,4.166666666666667,4.166666666666667
base_0007_female_minority_older,base_0007,marketing_specialist,Marketing Specialist,female,minority,older,3.9166666666666665,7.5,3.5833333333333335,3.5833333333333335
base_0007_female_minority_older,base_0007,project_manager,Project Manager,female,minority,older,12.5,20.833333333333332,8.333333333333332,8.333333333333332
base_0007_female_minority_older,base_0007,software_developer,Software Developer,female,minority,older,5.0,12.083333333333334,7.083333333333334,7.083333333333334
base_0007_female_minority_younger,base_0007,data_analyst,Data Analyst,female,minority,younger,7.5,11.25,3.75,3.75
base_0007_female_minority_younger,base_0007,hr_coordinator,HR Coordinator,female,minority,younger,7.916666666666667,10.0,2.083333333333333,2.083333333333333
base_0007_female_minority_younger,base_0007,marketing_specialist,Marketing Specialist,female,minority,younger,4.25,7.5,3.25,3.25
base_0007_female_minority_younger,base_0007,project_manager,Project Manager,female,minority,younger,12.916666666666666,18.416666666666668,5.500000000000002,5.500000000000002
base_0007_female_minority_younger,base_0007,software_developer,Software Developer,female,minority,younger,5.333333333333333,10.0,4.666666666666667,4.666666666666667
base_0007_male_majority_older,base_0007,data_analyst,Data Analyst,male,majority,older,7.916666666666667,9.166666666666666,1.2499999999999991,1.2499999999999991
base_0007_male_majority_older,base_0007,hr_coordinator,HR Coordinator,male,majority,older,7.083333333333333,10.416666666666666,3.333333333333333,3.333333333333333
base_0007_male_majority_older,base_0007,marketing_specialist,Marketing Specialist,male,majority,older,4.666666666666667,7.5,2.833333333333333,2.833333333333333
base_0007_male_majority_older,base_0007,project_manager,Project Manager,male,majority,older,14.166666666666666,18.75,4.583333333333334,4.583333333333334
base_0007_male_majority_older,base_0007,software_developer,Software Developer,male,majority,older,4.75,10.833333333333334,6.083333333333334,6.083333333333334
base_0007_male_majority_younger,base_0007,data_analyst,Data Analyst,male,majority,younger,7.083333333333333,11.25,4.166666666666667,4.166666666666667
base_0007_male_majority_younger,base_0007,hr_coordinator,HR Coordinator,male,majority,younger,6.666666666666667,10.833333333333334,4.166666666666667,4.166666666666667
base_0007_male_majority_younger,base_0007,marketing_specialist,Marketing Specialist,male,majority,younger,4.916666666666667,7.083333333333333,2.166666666666666,2.166666666666666
base_0007_male_majority_younger,base_0007,project_manager,Project Manager,male,majority,younger,12.083333333333334,16.25,4.166666666666666,4.166666666666666
base_0007_male_majority_younger,base_0007,software_developer,Software Developer,male,majority,younger,4.916666666666667,8.333333333333334,3.416666666666667,3.416666666666667
base_0007_male_minority_older,base_0007,data_analyst,Data Analyst,male,minority,older,8.333333333333334,9.583333333333334,1.25,1.25
base_0007_male_minority_older,base_0007,hr_coordinator,HR Coordinator,male,minority,older,7.916666666666667,10.833333333333334,2.916666666666667,2.916666666666667
base_0007_male_minority_older,base_0007,marketing_specialist,Marketing Specialist,male,minority,older,3.9166666666666665,8.333333333333334,4.416666666666668,4.416666666666668
base_0007_male_minority_older,base_0007,project_manager,Project Manager,male,minority,older,12.916666666666666,18.5,5.583333333333334,5.583333333333334
base_0007_male_minority_older,base_0007,software_developer,Software Developer,male,minority,older,4.5,10.416666666666666,5.916666666666666,5.916666666666666
base_0007_male_minority_younger,base_0007,data_analyst,Data Analyst,male,minority,younger,7.5,12.5,5.0,5.0
base_0007_male_minority_younger,base_0007,hr_coordinator,HR Coordinator,male,minority,younger,7.5,10.416666666666666,2.916666666666666,2.916666666666666
base_0007_male_minority_younger,base_0007,marketing_specialist,Marketing Specialist,male,minority,younger,4.083333333333333,7.916666666666667,3.833333333333334,3.833333333333334
base_0007_male_minority_younger,base_0007,project_manager,Project Manager,male,minority,younger,12.333333333333334,16.0,3.666666666666666,3.666666666666666
base_0007_male_minority_younger,base_0007,software_developer,Software Developer,male,minority,younger,4.333333333333333,9.166666666666666,4.833333333333333,4.833333333333333
base_0008_female_majority_older,base_0008,data_analyst,Data Analyst,female,majority,older,26.25,26.666666666666668,0.41666666666666785,0.41666666666666785
base_0008_female_majority_older,base_0008,hr_coordinator,HR Coordinator,female,majority,older,31.5,36.083333333333336,4.583333333333336,4.583333333333336
base_0008_female_majority_older,base_0008,marketing_specialist,Marketing Specialist,female,majority,older,24.166666666666668,25.833333333333332,1.6666666666666643,1.6666666666666643
base_0008_female_majority_older,base_0008,project_manager,Project Manager,female,majority,older,44.583333333333336,48.75,4.166666666666664,4.166666666666664
base_0008_female_majority_older,base_0008,software_developer,Software Developer,female,majority,older,9.583333333333334,16.666666666666668,7.083333333333334,7.083333333333334
base_0008_female_majority_younger,base_0008,data_analyst,Data Analyst,female,majority,younger,26.25,27.916666666666668,1.6666666666666679,1.6666666666666679
base_0008_female_majority_younger,base_0008,hr_coordinator,HR Coordinator,female,majority,younger,30.666666666666668,35.833333333333336,5.166666666666668,5.166666666666668
base_0008_female_majority_younger,base_0008,marketing_specialist,Marketing Specialist,female,majority,younger,21.666666666666668,26.25,4.583333333333332,4.583333333333332
base_0008_female_majority_younger,base_0008,project_manager,Project Manager,female,majority,younger,45.0,52.5,7.5,7.5
base_0008_female_majority_younger,base_0008,software_developer,Software Developer,female,majority,younger,9.583333333333334,15.0,5.416666666666666,5.416666666666666
base_0008_female_minority_older,base_0008,data_analyst,Data Analyst,female,minority,older,27.083333333333332,27.083333333333332,0.0,0.0
base_0008_female_minority_older,base_0008,hr_coordinator,HR Coordinator,female,minority,older,30.916666666666668,35.25,4.333333333333332,4.333333333333332
base_0008_female_minority_older,base_0008,marketing_specialist,Marketing Specialist,female,minority,older,22.5,26.25,3.75,3.75
base_0008_female_minority_older,base_0008,project_manager,Project Manager,female,minority,older,46.666666666666664,51.666666666666664,5.0,5.0
base_0008_female_minority_older,base_0008,software_developer,Software Developer,female,minority,older,9.083333333333334,16.666666666666668,7.583333333333334,7.583333333333334
base_0008_female_minority_younger,base_0008,data_analyst,Data Analyst,female,minority,younger,25.583333333333332,26.666666666666668,1.0833333333333357,1.0833333333333357
base_0008_female_minority_younger,base_0008,hr_coordinator,HR Coordinator,female,minority,younger,30.25,34.166666666666664,3.9166666666666643,3.9166666666666643
base_0008_female_minority_younger,base_0008,marketing_specialist,Marketing Specialist,female,minority,younger,23.333333333333332,27.916666666666668,4.583333333333336,4.583333333333336
base_0008_female_minority_younger,base_0008,project_manager,Project Manager,female,minority,younger,41.25,49.416666666666664,8.166666666666664,8.166666666666664
base_0008_female_minority_younger,base_0008,software_developer,Software Developer,female,minority,younger,9.333333333333334,19.166666666666668,9.833333333333334,9.833333333333334
base_0008_male_majority_older,base_0008,data_analyst,Data Analyst,male,majority,older,24.416666666666668,25.0,0.5833333333333321,0.5833333333333321
base_0008_male_majority_older,base_0008,hr_coordinator,HR Coordinator,male,majority,older,29.833333333333332,33.75,3.916666666666668,3.916666666666668
base_0008_male_majority_older,base_0008,marketing_specialist,Marketing Specialist,male,majority,older,22.5,27.5,5.0,5.0
base_0008_male_majority_older,base_0008,project_manager,Project Manager,male,majority,older,37.916666666666664,45.0,7.083333333333336,7.083333333333336
base_0008_male_majority_older,base_0008,software_developer,Software Developer,male,majority,older,9.166666666666666,16.25,7.083333333333334,7.083333333333334
base_0008_male_majority_younger,base_0008,data_analyst,Data Analyst,male,majority,younger,26.25,26.25,0.0,0.0
base_0008_male_majority_younger,base_0008,hr_coordinator,HR Coordinator,male,majority,younger,29.25,35.0,5.75,5.75
base_0008_male_majority_younger,base_0008,marketing_specialist,Marketing Specialist,male,majority,younger,22.5,25.833333333333332,3.333333333333332,3.333333333333332
base_0008_male_majority_younger,base_0008,project_manager,Project Manager,male,majority,younger,43.333333333333336,50.833333333333336,7.5,7.5
base_0008_male_majority_younger,base_0008,software_developer,Software Developer,male,majority,younger,9.5,14.166666666666666,4.666666666666666,4.666666666666666
base_0008_male_minority_older,base_0008,data_analyst,Data Analyst,male,minority,older,26.666666666666668,28.75,2.083333333333332,2.083333333333332
base_0008_male_minority_older,base_0008,hr_coordinator,HR Coordinator,male,minority,older,29.833333333333332,35.166666666666664,5.333333333333332,5.333333333333332
base_0008_male_minority_older,base_0008,marketing_specialist,Marketing Specialist,male,minority,older,24.583333333333332,27.333333333333332,2.75,2.75
base_0008_male_minority_older,base_0008,project_manager,Project Manager,male,minority,older,45.833333333333336,54.166666666666664,8.333333333333329,8.333333333333329
base_0008_male_minority_older,base_0008,software_developer,Software Developer,male,minority,older,11.0,19.583333333333332,8.583333333333332,8.583333333333332
base_0008_male_minority_younger,base_0008,data_analyst,Data Analyst,male,minority,younger,24.583333333333332,25.833333333333332,1.25,1.25
base_0008_male_minority_younger,base_0008,hr_coordinator,HR Coordinator,male,minority,younger,29.0,34.166666666666664,5.166666666666664,5.166666666666664
base_0008_male_minority_younger,base_0008,marketing_specialist,Marketing Specialist,male,minority,younger,22.083333333333332,27.5,5.416666666666668,5.416666666666668
base_0008_male_minority_younger,base_0008,project_manager,Project Manager,male,minority,younger,42.5,49.166666666666664,6.666666666666664,6.666666666666664
base_0008_male_minority_younger,base_0008,software_developer,Software Developer,male,minority,younger,9.75,15.833333333333334,6.083333333333334,6.083333333333334
base_0009_female_majority_older,base_0009,data_analyst,Data Analyst,female,majority,older,33.75,37.083333333333336,3.3333333333333357,3.3333333333333357
base_0009_female_majority_older,base_0009,hr_coordinator,HR Coordinator,female,majority,older,41.666666666666664,50.833333333333336,9.166666666666671,9.166666666666671
base_0009_female_majority_older,base_0009,marketing_specialist,Marketing Specialist,female,majority,older,35.0,40.416666666666664,5.416666666666664,5.416666666666664
base_0009_female_majority_older,base_0009,project_manager,Project Manager,female,majority,older,57.5,55.416666666666664,-2.0833333333333357,2.0833333333333357
base_0009_female_majority_older,base_0009,software_developer,Software Developer,female,majority,older,13.75,16.25,2.5,2.5
base_0009_female_majority_younger,base_0009,data_analyst,Data Analyst,female,majority,younger,31.666666666666668,39.583333333333336,7.916666666666668,7.916666666666668
base_0009_female_majority_younger,base_0009,hr_coordinator,HR Coordinator,female,majority,younger,45.833333333333336,45.75,-0.0833333333333357,0.0833333333333357
base_0009_female_majority_younger,base_0009,marketing_specialist,Marketing Specialist,female,majority,younger,37.083333333333336,37.5,0.4166666666666643,0.4166666666666643
base_0009_female_majority_younger,base_0009,project_manager,Project Manager,female,majority,younger,56.25,54.583333333333336,-1.6666666666666643,1.6666666666666643
base_0009_female_majority_younger,base_0009,software_developer,Software Developer,female,majority,younger,15.416666666666666,16.25,0.8333333333333339,0.8333333333333339
base_0009_female_minority_older,base_0009,data_analyst,Data Analyst,female,minority,older,33.75,37.916666666666664,4.166666666666664,4.166666666666664
base_0009_female_minority_older,base_0009,hr_coordinator,HR Coordinator,female,minority,older,42.5,46.666666666666664,4.166666666666664,4.166666666666664
base_0009_female_minority_older,base_0009,marketing_specialist,Marketing Specialist,female,minority,older,35.0,42.083333333333336,7.083333333333336,7.083333333333336
base_0009_female_minority_older,base_0009,project_manager,Project Manager,female,minority,older,55.416666666666664,54.583333333333336,-0.8333333333333286,0.8333333333333286
base_0009_female_minority_older,base_0009,software_developer,Software Developer,female,minority,older,12.333333333333334,15.0,2.666666666666666,2.666666666666666
base_0009_female_minority_younger,base_0009,data_analyst,Data Analyst,female,minority,younger,32.5,37.083333333333336,4.583333333333336,4.583333333333336
base_0009_female_minority_younger,base_0009,hr_coordinator,HR Coordinator,female,minority,younger,44.583333333333336,44.166666666666664,-0.4166666666666714,0.4166666666666714
base_0009_female_minority_younger,base_0009,marketing_specialist,Marketing Specialist,female,minority,younger,36.25,39.583333333333336,3.3333333333333357,3.3333333333333357
base_0009_female_minority_younger,base_0009,project_manager,Project Manager,female,minority,younger,56.666666666666664,55.166666666666664,-1.5,1.5
base_0009_female_minority_younger,base_0009,software_developer,Software Developer,female,minority,younger,14.583333333333334,17.083333333333332,2.4999999999999982,2.4999999999999982
base_0009_male_majority_older,base_0009,data_analyst,Data Analyst,male,majority,older,31.25,37.916666666666664,6.666666666666664,6.666666666666664
base_0009_male_majority_older,base_0009,hr_coordinator,HR Coordinator,male,majority,older,44.833333333333336,47.333333333333336,2.5,2.5
base_0009_male_majority_older,base_0009,marketing_specialist,Marketing Specialist,male,majority,older,35.416666666666664,40.833333333333336,5.416666666666671,5.416666666666671
base_0009_male_majority_older,base_0009,project_manager,Project Manager,male,majority,older,57.916666666666664,59.333333333333336,1.4166666666666714,1.4166666666666714
base_0009_male_majority_older,base_0009,software_developer,Software Developer,male,majority,older,12.75,15.0,2.25,2.25
base_0009_male_majority_younger,base_0009,data_analyst,Data Analyst,male,majority,younger,34.583333333333336,39.166666666666664,4.583333333333329,4.583333333333329
base_0009_male_majority_younger,base_0009,hr_coordinator,HR Coordinator,male,majority,younger,45.0,48.25,3.25,3.25
base_0009_male_majority_younger,base_0009,marketing_specialist,Marketing Specialist,male,majority,younger,35.833333333333336,39.166666666666664,3.3333333333333286,3.3333333333333286
base_0009_male_majority_younger,base_0009,project_manager,Project Manager,male,majority,younger,56.25,57.25,1.0,1.0
base_0009_male_majority_younger,base_0009,software_developer,Software Developer,male,majority,younger,13.75,17.083333333333332,3.333333333333332,3.333333333333332
base_0009_male_minority_older,base_0009,data_analyst,Data Analyst,male,minority,older,31.666666666666668,38.333333333333336,6.666666666666668,6.666666666666668
base_0009_male_minority_older,base_0009,hr_coordinator,HR Coordinator,male,minority,older,42.916666666666664,45.25,2.3333333333333357,2.3333333333333357
base_0009_male_minority_older,base_0009,marketing_specialist,Marketing Specialist,male,minority,older,35.416666666666664,40.0,4.583333333333336,4.583333333333336
base_0009_male_minority_older,base_0009,project_manager,Project Manager,male,minority,older,58.666666666666664,56.25,-2.4166666666666643,2.4166666666666643
base_0009_male_minority_older,base_0009,software_developer,Software Developer,male,minority,older,15.416666666666666,20.833333333333332,5.416666666666666,5.416666666666666
base_0009_male_minority_younger,base_0009,data_analyst,Data Analyst,male,minority,younger,32.916666666666664,40.0,7.083333333333336,7.083333333333336
base_0009_male_minority_younger,base_0009,hr_coordinator,HR Coordinator,male,minority,younger,42.083333333333336,50.416666666666664,8.333333333333329,8.333333333333329
base_0009_male_minority_younger,base_0009,marketing_specialist,Marketing Specialist,male,minority,younger,34.166666666666664,38.166666666666664,4.0,4.0
base_0009_male_minority_younger,base_0009,project_manager,Project Manager,male,minority,younger,57.916666666666664,56.416666666666664,-1.5,1.5
base_0009_male_minority_younger,base_0009,software_developer,Software Developer,male,minority,younger,13.75,17.083333333333332,3.333333333333332,3.333333333333332
base_0010_female_majority_older,base_0010,data_analyst,Data Analyst,female,majority,older,24.583333333333332,31.25,6.666666666666668,6.666666666666668
base_0010_female_majority_older,base_0010,hr_coordinator,HR Coordinator,female,majority,older,5.0,7.916666666666667,2.916666666666667,2.916666666666667
base_0010_female_majority_older,base_0010,marketing_specialist,Marketing Specialist,female,majority,older,7.916666666666667,10.0,2.083333333333333,2.083333333333333
base_0010_female_majority_older,base_0010,project_manager,Project Manager,female,majority,older,15.0,23.75,8.75,8.75
base_0010_female_majority_older,base_0010,software_developer,Software Developer,female,majority,older,39.083333333333336,46.916666666666664,7.833333333333329,7.833333333333329
base_0010_female_majority_younger,base_0010,data_analyst,Data Analyst,female,majority,younger,24.583333333333332,34.5,9.916666666666668,9.916666666666668
base_0010_female_majority_younger,base_0010,hr_coordinator,HR Coordinator,female,majority,younger,5.0,13.75,8.75,8.75
base_0010_female_majority_younger,base_0010,marketing_specialist,Marketing Specialist,female,majority,younger,8.333333333333334,9.583333333333334,1.25,1.25
base_0010_female_majority_younger,base_0010,project_manager,Project Manager,female,majority,younger,15.0,25.0,10.0,10.0
base_0010_female_majority_younger,base_0010,software_developer,Software Developer,female,majority,younger,39.083333333333336,44.583333333333336,5.5,5.5
base_0010_female_minority_older,base_0010,data_analyst,Data Analyst,female,minority,older,20.0,31.25,11.25,11.25
base_0010_female_minority_older,base_0010,hr_coordinator,HR Coordinator,female,minority,older,5.0,7.083333333333333,2.083333333333333,2.083333333333333
base_0010_female_minority_older,base_0010,marketing_specialist,Marketing Specialist,female,minority,older,7.083333333333333,10.0,2.916666666666667,2.916666666666667
base_0010_female_minority_older,base_0010,project_manager,Project Manager,female,minority,older,14.166666666666666,25.416666666666668,11.250000000000002,11.250000000000002
base_0010_female_minority_older,base_0010,software_developer,Software Developer,female,minority,older,40.75,45.833333333333336,5.083333333333336,5.083333333333336
base_0010_female_minority_younger,base_0010,data_analyst,Data Analyst,female,minority,younger,22.083333333333332,31.416666666666668,9.333333333333336,9.333333333333336
base_0010_female_minority_younger,base_0010,hr_coordinator,HR Coordinator,female,minority,younger,5.416666666666667,7.5,2.083333333333333,2.083333333333333
base_0010_female_minority_younger,base_0010,marketing_specialist,Marketing Specialist,female,minority,younger,7.5,11.666666666666666,4.166666666666666,4.166666666666666
base_0010_female_minority_younger,base_0010,project_manager,Project Manager,female,minority,younger,17.083333333333332,22.916666666666668,5.833333333333336,5.833333333333336
base_0010_female_minority_younger,base_0010,software_developer,Software Developer,female,minority,younger,39.75,44.416666666666664,4.666666666666664,4.666666666666664
base_0010_male_majority_older,base_0010,data_analyst,Data Analyst,male,majority,older,23.75,32.666666666666664,8.916666666666664,8.916666666666664
base_0010_male_majority_older,base_0010,hr_coordinator,HR Coordinator,male,majority,older,5.833333333333333,11.666666666666666,5.833333333333333,5.833333333333333
base_0010_male_majority_older,base_0010,marketing_specialist,Marketing Specialist,male,majority,older,6.25,10.0,3.75,3.75
base_0010_male_majority_older,base_0010,project_manager,Project Manager,male,majority,older,16.25,23.75,7.5,7.5
base_0010_male_majority_older,base_0010,software_developer,Software Developer,male,majority,older,41.5,48.583333333333336,7.083333333333336,7.083333333333336
base_0010_male_majority_younger,base_0010,data_analyst,Data Analyst,male,majority,younger,23.75,30.833333333333332,7.083333333333332,7.083333333333332
base_0010_male_majority_younger,base_0010,hr_coordinator,HR Coordinator,male,majority,younger,5.833333333333333,12.916666666666666,7.083333333333333,7.083333333333333
base_0010_male_majority_younger,base_0010,marketing_specialist,Marketing Specialist,male,majority,younger,7.5,10.666666666666666,3.166666666666666,3.166666666666666
base_0010_male_majority_younger,base_0010,project_manager,Project Manager,male,majority,younger,16.666666666666668,22.916666666666668,6.25,6.25
base_0010_male_majority_younger,base_0010,software_developer,Software Developer,male,majority,younger,38.666666666666664,45.25,6.583333333333336,6.583333333333336
base_0010_male_minority_older,base_0010,data_analyst,Data Analyst,male,minority,older,23.75,30.833333333333332,7.083333333333332,7.083333333333332
base_0010_male_minority_older,base_0010,hr_coordinator,HR Coordinator,male,minority,older,5.0,10.416666666666666,5.416666666666666,5.416666666666666
base_0010_male_minority_older,base_0010,marketing_specialist,Marketing Specialist,male,minority,older,5.833333333333333,10.0,4.166666666666667,4.166666666666667
base_0010_male_minority_older,base_0010,project_manager,Project Manager,male,minority,older,16.25,25.833333333333332,9.583333333333332,9.583333333333332
base_0010_male_minority_older,base_0010,software_developer,Software Developer,male,minority,older,41.0,47.083333333333336,6.083333333333336,6.083333333333336
base_0010_male_minority_younger,base_0010,data_analyst,Data Analyst,male,minority,younger,22.916666666666668,32.916666666666664,9.999999999999996,9.999999999999996
base_0010_male_minority_younger,base_0010,hr_coordinator,HR Coordinator,male,minority,younger,5.416666666666667,11.666666666666666,6.249999999999999,6.249999999999999
base_0010_male_minority_younger,base_0010,marketing_specialist,Marketing Specialist,male,minority,younger,7.916666666666667,11.25,3.333333333333333,3.333333333333333
base_0010_male_minority_younger,base_0010,project_manager,Project Manager,male,minority,younger,15.833333333333334,25.416666666666668,9.583333333333334,9.583333333333334
base_0010_male_minority_younger,base_0010,software_developer,Software Developer,male,minority,younger,38.5,45.166666666666664,6.666666666666664,6.666666666666664
base_0011_female_majority_older,base_0011,data_analyst,Data Analyst,female,majority,older,36.25,43.333333333333336,7.083333333333336,7.083333333333336
base_0011_female_majority_older,base_0011,hr_coordinator,HR Coordinator,female,majority,older,40.416666666666664,44.583333333333336,4.166666666666671,4.166666666666671
base_0011_female_majority_older,base_0011,marketing_specialist,Marketing Specialist,female,majority,older,25.0,36.25,11.25,11.25
base_0011_female_majority_older,base_0011,project_manager,Project Manager,female,majority,older,54.583333333333336,57.75,3.1666666666666643,3.1666666666666643
base_0011_female_majority_older,base_0011,software_developer,Software Developer,female,majority,older,15.416666666666666,20.5,5.083333333333334,5.083333333333334
base_0011_female_majority_younger,base_0011,data_analyst,Data Analyst,female,majority,younger,38.75,42.5,3.75,3.75
base_0011_female_majority_younger,base_0011,hr_coordinator,HR Coordinator,female,majority,younger,43.333333333333336,45.416666666666664,2.0833333333333286,2.0833333333333286
base_0011_female_majority_younger,base_0011,marketing_specialist,Marketing Specialist,female,majority,younger,27.5,33.75,6.25,6.25
base_0011_female_majority_younger,base_0011,project_manager,Project Manager,female,majority,younger,54.583333333333336,57.166666666666664,2.5833333333333286,2.5833333333333286
base_0011_female_majority_younger,base_0011,software_developer,Software Developer,female,majority,younger,17.5,22.083333333333332,4.583333333333332,4.583333333333332
base_0011_female_minority_older,base_0011,data_analyst,Data Analyst,female,minority,older,35.416666666666664,42.083333333333336,6.666666666666671,6.666666666666671
base_0011_female_minority_older,base_0011,hr_coordinator,HR Coordinator,female,minority,older,40.833333333333336,45.083333333333336,4.25,4.25
base_0011_female_minority_older,base_0011,marketing_specialist,Marketing Specialist,female,minority,older,27.916666666666668,34.166666666666664,6.2499999999999964,6.2499999999999964
base_0011_female_minority_older,base_0011,project_manager,Project Manager,female,minority,older,56.25,56.75,0.5,0.5
base_0011_female_minority_older,base_0011,software_developer,Software Developer,female,minority,older,15.416666666666666,21.0,5.583333333333334,5.583333333333334
base_0011_female_minority_younger,base_0011,data_analyst,Data Analyst,female,minority,younger,35.416666666666664,40.416666666666664,5.0,5.0
base_0011_female_minority_younger,base_0011,hr_coordinator,HR Coordinator,female,minority,younger,38.166666666666664,45.0,6.833333333333336,6.833333333333336
base_0011_female_minority_younger,base_0011,marketing_specialist,Marketing Specialist,female,minority,younger,24.583333333333332,25.0,0.41666666666666785,0.41666666666666785
base_0011_female_minority_younger,base_0011,project_manager,Project Manager,female,minority,younger,54.583333333333336,58.666666666666664,4.083333333333329,4.083333333333329
base_0011_female_minority_younger,base_0011,software_developer,Software Developer,female,minority,younger,15.833333333333334,20.25,4.416666666666666,4.416666666666666
base_0011_male_majority_older,base_0011,data_analyst,Data Analyst,male,majority,older,36.5,41.25,4.75,4.75
base_0011_male_majority_older,base_0011,hr_coordinator,HR Coordinator,male,majority,older,38.333333333333336,42.083333333333336,3.75,3.75
base_0011_male_majority_older,base_0011,marketing_specialist,Marketing Specialist,male,majority,older,22.916666666666668,35.166666666666664,12.249999999999996,12.249999999999996
base_0011_male_majority_older,base_0011,project_manager,Project Manager,male,majority,older,53.75,54.166666666666664,0.4166666666666643,0.4166666666666643
base_0011_male_majority_older,base_0011,software_developer,Software Developer,male,majority,older,16.666666666666668,20.083333333333332,3.4166666666666643,3.4166666666666643
base_0011_male_majority_younger,base_0011,data_analyst,Data Analyst,male,majority,younger,32.916666666666664,40.833333333333336,7.916666666666671,7.916666666666671
base_0011_male_majority_younger,base_0011,hr_coordinator,HR Coordinator,male,majority,younger,36.666666666666664,42.083333333333336,5.416666666666671,5.416666666666671
base_0011_male_majority_younger,base_0011,marketing_specialist,Marketing Specialist,male,majority,younger,26.25,32.916666666666664,6.666666666666664,6.666666666666664
base_0011_male_majority_younger,base_0011,project_manager,Project Manager,male,majority,younger,52.916666666666664,55.833333333333336,2.9166666666666714,2.9166666666666714
base_0011_male_majority_younger,base_0011,software_developer,Software Developer,male,majority,younger,12.916666666666666,20.25,7.333333333333334,7.333333333333334
base_0011_male_minority_older,base_0011,data_analyst,Data Analyst,male,minority,older,35.416666666666664,43.083333333333336,7.666666666666671,7.666666666666671
base_0011_male_minority_older,base_0011,hr_coordinator,HR Coordinator,male,minority,older,37.916666666666664,45.416666666666664,7.5,7.5
base_0011_male_minority_older,base_0011,marketing_specialist,Marketing Specialist,male,minority,older,26.666666666666668,32.083333333333336,5.416666666666668,5.416666666666668
base_0011_male_minority_older,base_0011,project_manager,Project Manager,male,minority,older,52.083333333333336,55.833333333333336,3.75,3.75
base_0011_male_minority_older,base_0011,software_developer,Software Developer,male,minority,older,14.583333333333334,20.5,5.916666666666666,5.916666666666666
base_0011_male_minority_younger,base_0011,data_analyst,Data Analyst,male,minority,younger,36.666666666666664,40.833333333333336,4.166666666666671,4.166666666666671
base_0011_male_minority_younger,base_0011,hr_coordinator,HR Coordinator,male,minority,younger,38.75,44.583333333333336,5.833333333333336,5.833333333333336
base_0011_male_minority_younger,base_0011,marketing_specialist,Marketing Specialist,male,minority,younger,23.75,31.666666666666668,7.916666666666668,7.916666666666668
base_0011_male_minority_younger,base_0011,project_manager,Project Manager,male,minority,younger,53.75,53.5,-0.25,0.25
base_0011_male_minority_younger,base_0011,software_developer,Software Developer,male,minority,younger,15.416666666666666,20.666666666666668,5.250000000000002,5.250000000000002
base_0012_female_majority_older,base_0012,data_analyst,Data Analyst,female,majority,older,6.666666666666667,7.5,0.833333333333333,0.833333333333333
base_0012_female_majority_older,base_0012,hr_coordinator,HR Coordinator,female,majority,older,8.75,12.083333333333334,3.333333333333334,3.333333333333334
base_0012_female_majority_older,base_0012,marketing_specialist,Marketing Specialist,female,majority,older,4.25,10.833333333333334,6.583333333333334,6.583333333333334
base_0012_female_majority_older,base_0012,project_manager,Project Manager,female,majority,older,16.666666666666668,20.666666666666668,4.0,4.0
base_0012_female_majority_older,base_0012,software_developer,Software Developer,female,majority,older,5.25,8.75,3.5,3.5
base_0012_female_majority_younger,base_0012,data_analyst,Data Analyst,female,majority,younger,6.25,9.166666666666666,2.916666666666666,2.916666666666666
base_0012_female_majority_younger,base_0012,hr_coordinator,HR Coordinator,female,majority,younger,8.75,12.916666666666666,4.166666666666666,4.166666666666666
base_0012_female_majority_younger,base_0012,marketing_specialist,Marketing Specialist,female,majority,younger,4.833333333333333,7.5,2.666666666666667,2.666666666666667
base_0012_female_majority_younger,base_0012,project_manager,Project Manager,female,majority,younger,14.583333333333334,21.25,6.666666666666666,6.666666666666666
base_0012_female_majority_younger,base_0012,software_developer,Software Developer,female,majority,younger,6.083333333333333,12.916666666666666,6.833333333333333,6.833333333333333
base_0012_female_minority_older,base_0012,data_analyst,Data Analyst,female,minority,older,6.25,8.75,2.5,2.5
base_0012_female_minority_older,base_0012,hr_coordinator,HR Coordinator,female,minority,older,8.75,10.833333333333334,2.083333333333334,2.083333333333334
base_0012_female_minority_older,base_0012,marketing_specialist,Marketing Specialist,female,minority,older,4.5,7.083333333333333,2.583333333333333,2.583333333333333
base_0012_female_minority_older,base_0012,project_manager,Project Manager,female,minority,older,15.666666666666666,19.166666666666668,3.5000000000000018,3.5000000000000018
base_0012_female_minority_older,base_0012,software_developer,Software Developer,female,minority,older,6.25,9.583333333333334,3.333333333333334,3.333333333333334
base_0012_female_minority_younger,base_0012,data_analyst,Data Analyst,female,minority,younger,7.083333333333333,7.916666666666667,0.8333333333333339,0.8333333333333339
base_0012_female_minority_younger,base_0012,hr_coordinator,HR Coordinator,female,minority,younger,8.75,12.5,3.75,3.75
base_0012_female_minority_younger,base_0012,marketing_specialist,Marketing Specialist,female,minority,younger,4.416666666666667,9.583333333333334,5.166666666666667,5.166666666666667
base_0012_female_minority_younger,base_0012,project_manager,Project Manager,female,minority,younger,18.75,19.166666666666668,0.41666666666666785,0.41666666666666785
base_0012_female_minority_younger,base_0012,software_developer,Software Developer,female,minority,younger,6.25,11.666666666666666,5.416666666666666,5.416666666666666
base_0012_male_majority_older,base_0012,data_analyst,Data Analyst,male,majority,older,7.083333333333333,7.5,0.41666666666666696,0.41666666666666696
base_0012_male_majority_older,base_0012,hr_coordinator,HR Coordinator,male,majority,older,8.75,10.0,1.25,1.25
base_0012_male_majority_older,base_0012,marketing_specialist,Marketing Specialist,male,majority,older,4.333333333333333,7.5,3.166666666666667,3.166666666666667
base_0012_male_majority_older,base_0012,project_manager,Project Manager,male,majority,older,16.25,18.75,2.5,2.5
base_0012_male_majority_older,base_0012,software_developer,Software Developer,male,majority,older,6.666666666666667,9.166666666666666,2.499999999999999,2.499999999999999
base_0012_male_majority_younger,base_0012,data_analyst,Data Analyst,male,majority,younger,7.083333333333333,7.5,0.41666666666666696,0.41666666666666696
base_0012_male_majority_younger,base_0012,hr_coordinator,HR Coordinator,male,majority,younger,8.75,11.666666666666666,2.916666666666666,2.916666666666666
base_0012_male_majority_younger,base_0012,marketing_specialist,Marketing Specialist,male,majority,younger,4.583333333333333,7.083333333333333,2.5,2.5
base_0012_male_majority_younger,base_0012,project_manager,Project Manager,male,majority,younger,15.833333333333334,21.25,5.416666666666666,5.416666666666666
base_0012_male_majority_younger,base_0012,software_developer,Software Developer,male,majority,younger,5.25,7.916666666666667,2.666666666666667,2.666666666666667
base_0012_male_minority_older,base_0012,data_analyst,Data Analyst,male,minority,older,6.25,8.75,2.5,2.5
base_0012_male_minority_older,base_0012,hr_coordinator,HR Coordinator,male,minority,older,8.75,12.916666666666666,4.166666666666666,4.166666666666666
base_0012_male_minority_older,base_0012,marketing_specialist,Marketing Specialist,male,minority,older,4.333333333333333,6.666666666666667,2.333333333333334,2.333333333333334
base_0012_male_minority_older,base_0012,project_manager,Project Manager,male,minority,older,15.0,21.5,6.5,6.5
base_0012_male_minority_older,base_0012,software_developer,Software Developer,male,minority,older,6.666666666666667,8.333333333333334,1.666666666666667,1.666666666666667
base_0012_male_minority_younger,base_0012,data_analyst,Data Analyst,male,minority,younger,6.666666666666667,9.166666666666666,2.499999999999999,2.499999999999999
base_0012_male_minority_younger,base_0012,hr_coordinator,HR Coordinator,male,minority,younger,8.333333333333334,10.416666666666666,2.083333333333332,2.083333333333332
base_0012_male_minority_younger,base_0012,marketing_specialist,Marketing Specialist,male,minority,younger,6.083333333333333,7.5,1.416666666666667,1.416666666666667
base_0012_male_minority_younger,base_0012,project_manager,Project Manager,male,minority,younger,15.416666666666666,20.25,4.833333333333334,4.833333333333334
base_0012_male_minority_younger,base_0012,software_developer,Software Developer,male,minority,younger,5.25,7.916666666666667,2.666666666666667,2.666666666666667
base_0013_female_majority_older,base_0013,data_analyst,Data Analyst,female,majority,older,51.25,55.0,3.75,3.75
base_0013_female_majority_older,base_0013,hr_coordinator,HR Coordinator,female,majority,older,27.083333333333332,37.083333333333336,10.000000000000004,10.000000000000004
base_0013_female_majority_older,base_0013,marketing_specialist,Marketing Specialist,female,majority,older,20.833333333333332,34.583333333333336,13.750000000000004,13.750000000000004
base_0013_female_majority_older,base_0013,project_manager,Project Manager,female,majority,older,52.5,56.5,4.0,4.0
base_0013_female_majority_older,base_0013,software_developer,Software Developer,female,majority,older,38.75,46.25,7.5,7.5
base_0013_female_majority_younger,base_0013,data_analyst,Data Analyst,female,majority,younger,49.166666666666664,54.166666666666664,5.0,5.0
base_0013_female_majority_younger,base_0013,hr_coordinator,HR Coordinator,female,majority,younger,29.583333333333332,37.5,7.916666666666668,7.916666666666668
base_0013_female_majority_younger,base_0013,marketing_specialist,Marketing Specialist,female,majority,younger,23.75,33.0,9.25,9.25
base_0013_female_majority_younger,base_0013,project_manager,Project Manager,female,majority,younger,53.166666666666664,55.166666666666664,2.0,2.0
base_0013_female_majority_younger,base_0013,software_developer,Software Developer,female,majority,younger,35.833333333333336,39.583333333333336,3.75,3.75
base_0013_female_minority_older,base_0013,data_analyst,Data Analyst,female,minority,older,52.083333333333336,56.583333333333336,4.5,4.5
base_0013_female_minority_older,base_0013,hr_coordinator,HR Coordinator,female,minority,older,29.166666666666668,38.333333333333336,9.166666666666668,9.166666666666668
base_0013_female_minority_older,base_0013,marketing_specialist,Marketing Specialist,female,minority,older,22.916666666666668,33.583333333333336,10.666666666666668,10.666666666666668
base_0013_female_minority_older,base_0013,project_manager,Project Manager,female,minority,older,54.916666666666664,54.25,-0.6666666666666643,0.6666666666666643
base_0013_female_minority_older,base_0013,software_developer,Software Developer,female,minority,older,39.166666666666664,44.75,5.583333333333336,5.583333333333336
base_0013_female_minority_younger,base_0013,data_analyst,Data Analyst,female,minority,younger,45.416666666666664,52.916666666666664,7.5,7.5
base_0013_female_minority_younger,base_0013,hr_coordinator,HR Coordinator,female,minority,younger,27.083333333333332,36.666666666666664,9.583333333333332,9.583333333333332
base_0013_female_minority_younger,base_0013,marketing_specialist,Marketing Specialist,female,minority,younger,24.166666666666668,34.333333333333336,10.166666666666668,10.166666666666668
base_0013_female_minority_younger,base_0013,project_manager,Project Manager,female,minority,younger,52.833333333333336,53.083333333333336,0.25,0.25
base_0013_female_minority_younger,base_0013,software_developer,Software Developer,female,minority,younger,35.416666666666664,39.416666666666664,4.0,4.0
base_0013_male_majority_older,base_0013,data_analyst,Data Analyst,male,majority,older,48.75,53.666666666666664,4.916666666666664,4.916666666666664
base_0013_male_majority_older,base_0013,hr_coordinator,HR Coordinator,male,majority,older,26.25,37.5,11.25,11.25
base_0013_male_majority_older,base_0013,marketing_specialist,Marketing Specialist,male,majority,older,24.166666666666668,35.416666666666664,11.249999999999996,11.249999999999996
base_0013_male_majority_older,base_0013,project_manager,Project Manager,male,majority,older,52.5,53.083333333333336,0.5833333333333357,0.5833333333333357
base_0013_male_majority_older,base_0013,software_developer,Software Developer,male,majority,older,34.166666666666664,39.916666666666664,5.75,5.75
base_0013_male_majority_younger,base_0013,data_analyst,Data Analyst,male,majority,younger,49.583333333333336,52.833333333333336,3.25,3.25
base_0013_male_majority_younger,base_0013,hr_coordinator,HR Coordinator,male,majority,younger,26.25,37.083333333333336,10.833333333333336,10.833333333333336
base_0013_male_majority_younger,base_0013,marketing_specialist,Marketing Specialist,male,majority,younger,23.333333333333332,30.833333333333332,7.5,7.5
base_0013_male_majority_younger,base_0013,project_manager,Project Manager,male,majority,younger,51.916666666666664,56.75,4.833333333333336,4.833333333333336
base_0013_male_majority_younger,base_0013,software_developer,Software Developer,male,majority,younger,35.0,40.666666666666664,5.666666666666664,5.666666666666664
base_0013_male_minority_older,base_0013,data_analyst,Data Analyst,male,minority,older,47.5,54.0,6.5,6.5
base_0013_male_minority_older,base_0013,hr_coordinator,HR Coordinator,male,minority,older,24.166666666666668,38.75,14.583333333333332,14.583333333333332
base_0013_male_minority_older,base_0013,marketing_specialist,Marketing Specialist,male,minority,older,22.083333333333332,34.0,11.916666666666668,11.916666666666668
base_0013_male_minority_older,base_0013,project_manager,Project Manager,male,minority,older,51.416666666666664,53.75,2.3333333333333357,2.3333333333333357
base_0013_male_minority_older,base_0013,software_developer,Software Developer,male,minority,older,37.916666666666664,42.25,4.333333333333336,4.333333333333336
base_0013_male_minority_younger,base_0013,data_analyst,Data Analyst,male,minority,younger,48.333333333333336,56.5,8.166666666666664,8.166666666666664
base_0013_male_minority_younger,base_0013,hr_coordinator,HR Coordinator,male,minority,younger,25.0,37.916666666666664,12.916666666666664,12.916666666666664
base_0013_male_minority_younger,base_0013,marketing_specialist,Marketing Specialist,male,minority,younger,23.333333333333332,30.833333333333332,7.5,7.5
base_0013_male_minority_younger,base_0013,project_manager,Project Manager,male,minority,younger,52.5,54.25,1.75,1.75
base_0013_male_minority_younger,base_0013,software_developer,Software Developer,male,minority,younger,34.166666666666664,39.583333333333336,5.416666666666671,5.416666666666671
base_0014_female_majority_older,base_0014,data_analyst,Data Analyst,female,majority,older,27.5,38.333333333333336,10.833333333333336,10.833333333333336
base_0014_female_majority_older,base_0014,hr_coordinator,HR Coordinator,female,majority,older,19.166666666666668,27.5,8.333333333333332,8.333333333333332
base_0014_female_majority_older,base_0014,marketing_specialist,Marketing Specialist,female,majority,older,12.5,17.5,5.0,5.0
base_0014_female_majority_older,base_0014,project_manager,Project Manager,female,majority,older,51.666666666666664,54.083333333333336,2.4166666666666714,2.4166666666666714
base_0014_female_majority_older,base_0014,software_developer,Software Developer,female,majority,older,23.333333333333332,35.583333333333336,12.250000000000004,12.250000000000004
base_0014_female_majority_younger,base_0014,data_analyst,Data Analyst,female,majority,younger,31.666666666666668,35.833333333333336,4.166666666666668,4.166666666666668
base_0014_female_majority_younger,base_0014,hr_coordinator,HR Coordinator,female,majority,younger,20.416666666666668,28.75,8.333333333333332,8.333333333333332
base_0014_female_majority_younger,base_0014,marketing_specialist,Marketing Specialist,female,majority,younger,13.333333333333334,19.0,5.666666666666666,5.666666666666666
base_0014_female_majority_younger,base_0014,project_manager,Project Manager,female,majority,younger,49.583333333333336,55.5,5.916666666666664,5.916666666666664
base_0014_female_majority_younger,base_0014,software_developer,Software Developer,female,majority,younger,20.25,31.666666666666668,11.416666666666668,11.416666666666668
base_0014_female_minority_older,base_0014,data_analyst,Data Analyst,female,minority,older,30.0,34.166666666666664,4.166666666666664,4.166666666666664
base_0014_female_minority_older,base_0014,hr_coordinator,HR Coordinator,female,minority,older,20.0,30.0,10.0,10.0
base_0014_female_minority_older,base_0014,marketing_specialist,Marketing Specialist,female,minority,older,12.083333333333334,20.0,7.916666666666666,7.916666666666666
base_0014_female_minority_older,base_0014,project_manager,Project Manager,female,minority,older,49.583333333333336,54.916666666666664,5.333333333333329,5.333333333333329
base_0014_female_minority_older,base_0014,software_developer,Software Developer,female,minority,older,26.666666666666668,33.333333333333336,6.666666666666668,6.666666666666668
base_0014_female_minority_younger,base_0014,data_analyst,Data Analyst,female,minority,younger,27.083333333333332,34.166666666666664,7.083333333333332,7.083333333333332
base_0014_female_minority_younger,base_0014,hr_coordinator,HR Coordinator,female,minority,younger,19.833333333333332,29.0,9.166666666666668,9.166666666666668
base_0014_female_minority_younger,base_0014,marketing_specialist,Marketing Specialist,female,minority,younger,12.5,18.75,6.25,6.25
base_0014_female_minority_younger,base_0014,project_manager,Project Manager,female,minority,younger,50.833333333333336,54.166666666666664,3.3333333333333286,3.3333333333333286
base_0014_female_minority_younger,base_0014,software_developer,Software Developer,female,minority,younger,24.583333333333332,35.833333333333336,11.250000000000004,11.250000000000004
base_0014_male_majority_older,base_0014,data_analyst,Data Analyst,male,majority,older,28.333333333333332,36.25,7.916666666666668,7.916666666666668
base_0014_male_majority_older,base_0014,hr_coordinator,HR Coordinator,male,majority,older,17.916666666666668,28.75,10.833333333333332,10.833333333333332
base_0014_male_majority_older,base_0014,marketing_specialist,Marketing Specialist,male,majority,older,12.916666666666666,15.833333333333334,2.916666666666668,2.916666666666668
base_0014_male_majority_older,base_0014,project_manager,Project Manager,male,majority,older,50.416666666666664,53.083333333333336,2.6666666666666714,2.6666666666666714
base_0014_male_majority_older,base_0014,software_developer,Software Developer,male,majority,older,23.75,33.75,10.0,10.0
base_0014_male_majority_younger,base_0014,data_analyst,Data Analyst,male,majority,younger,29.166666666666668,34.583333333333336,5.416666666666668,5.416666666666668
base_0014_male_majority_younger,base_0014,hr_coordinator,HR Coordinator,male,majority,younger,18.333333333333332,26.5,8.166666666666668,8.166666666666668
base_0014_male_majority_younger,base_0014,marketing_specialist,Marketing Specialist,male,majority,younger,11.666666666666666,16.666666666666668,5.000000000000002,5.000000000000002
base_0014_male_majority_younger,base_0014,project_manager,Project Manager,male,majority,younger,54.166666666666664,52.5,-1.6666666666666643,1.6666666666666643
base_0014_male_majority_younger,base_0014,software_developer,Software Developer,male,majority,younger,25.0,33.75,8.75,8.75
base_0014_male_minority_older,base_0014,data_analyst,Data Analyst,male,minority,older,25.416666666666668,35.833333333333336,10.416666666666668,10.416666666666668
base_0014_male_minority_older,base_0014,hr_coordinator,HR Coordinator,male,minority,older,20.25,29.833333333333332,9.583333333333332,9.583333333333332
base_0014_male_minority_older,base_0014,marketing_specialist,Marketing Specialist,male,minority,older,11.666666666666666,17.916666666666668,6.250000000000002,6.250000000000002
base_0014_male_minority_older,base_0014,project_manager,Project Manager,male,minority,older,53.333333333333336,55.166666666666664,1.8333333333333286,1.8333333333333286
base_0014_male_minority_older,base_0014,software_developer,Software Developer,male,minority,older,24.166666666666668,32.5,8.333333333333332,8.333333333333332
base_0014_male_minority_younger,base_0014,data_analyst,Data Analyst,male,minority,younger,31.666666666666668,42.083333333333336,10.416666666666668,10.416666666666668
base_0014_male_minority_younger,base_0014,hr_coordinator,HR Coordinator,male,minority,younger,22.083333333333332,25.416666666666668,3.3333333333333357,3.3333333333333357
base_0014_male_minority_younger,base_0014,marketing_specialist,Marketing Specialist,male,minority,younger,10.833333333333334,17.75,6.916666666666666,6.916666666666666
base_0014_male_minority_younger,base_0014,project_manager,Project Manager,male,minority,younger,52.916666666666664,54.75,1.8333333333333357,1.8333333333333357
base_0014_male_minority_younger,base_0014,software_developer,Software Developer,male,minority,younger,20.0,35.0,15.0,15.0
base_0015_female_majority_older,base_0015,data_analyst,Data Analyst,female,majority,older,47.083333333333336,50.416666666666664,3.3333333333333286,3.3333333333333286
base_0015_female_majority_older,base_0015,hr_coordinator,HR Coordinator,female,majority,older,50.0,51.166666666666664,1.1666666666666643,1.1666666666666643
base_0015_female_majority_older,base_0015,marketing_specialist,Marketing Specialist,female,majority,older,50.0,51.416666666666664,1.4166666666666643,1.4166666666666643
base_0015_female_majority_older,base_0015,project_manager,Project Manager,female,majority,older,64.41666666666667,62.666666666666664,-1.750000000000007,1.750000000000007
base_0015_female_majority_older,base_0015,software_developer,Software Developer,female,majority,older,24.0,25.416666666666668,1.4166666666666679,1.4166666666666679
base_0015_female_majority_younger,base_0015,data_analyst,Data Analyst,female,majority,younger,42.5,47.5,5.0,5.0
base_0015_female_majority_younger,base_0015,hr_coordinator,HR Coordinator,female,majority,younger,45.0,46.416666666666664,1.4166666666666643,1.4166666666666643
base_0015_female_majority_younger,base_0015,marketing_specialist,Marketing Specialist,female,majority,younger,39.583333333333336,47.916666666666664,8.333333333333329,8.333333333333329
base_0015_female_majority_younger,base_0015,project_manager,Project Manager,female,majority,younger,59.916666666666664,60.0,0.0833333333333357,0.0833333333333357
base_0015_female_majority_younger,base_0015,software_developer,Software Developer,female,majority,younger,20.0,26.666666666666668,6.666666666666668,6.666666666666668
base_0015_female_minority_older,base_0015,data_analyst,Data Analyst,female,minority,older,45.0,46.25,1.25,1.25
base_0015_female_minority_older,base_0015,hr_coordinator,HR Coordinator,female,minority,older,46.25,50.166666666666664,3.9166666666666643,3.9166666666666643
base_0015_female_minority_older,base_0015,marketing_specialist,Marketing Specialist,female,minority,older,51.666666666666664,50.166666666666664,-1.5,1.5
base_0015_female_minority_older,base_0015,project_manager,Project Manager,female,minority,older,65.08333333333333,62.916666666666664,-2.1666666666666643,2.1666666666666643
base_0015_female_minority_older,base_0015,software_developer,Software Developer,female,minority,older,24.0,24.833333333333332,0.8333333333333321,0.8333333333333321
base_0015_female_minority_younger,base_0015,data_analyst,Data Analyst,female,minority,younger,43.75,46.25,2.5,2.5
base_0015_female_minority_younger,base_0015,hr_coordinator,HR Coordinator,female,minority,younger,45.0,50.166666666666664,5.166666666666664,5.166666666666664
base_0015_female_minority_younger,base_0015,marketing_specialist,Marketing Specialist,female,minority,younger,42.916666666666664,51.5,8.583333333333336,8.583333333333336
base_0015_female_minority_younger,base_0015,project_manager,Project Manager,female,minority,younger,62.75,58.916666666666664,-3.8333333333333357,3.8333333333333357
base_0015_female_minority_younger,base_0015,software_developer,Software Developer,female,minority,younger,22.916666666666668,22.083333333333332,-0.8333333333333357,0.8333333333333357
base_0015_male_majority_older,base_0015,data_analyst,Data Analyst,male,majority,older,44.166666666666664,45.666666666666664,1.5,1.5
base_0015_male_majority_older,base_0015,hr_coordinator,HR Coordinator,male,majority,older,49.166666666666664,50.833333333333336,1.6666666666666714,1.6666666666666714
base_0015_male_majority_older,base_0015,marketing_specialist,Marketing Specialist,male,majority,older,46.666666666666664,49.833333333333336,3.1666666666666714,3.1666666666666714
base_0015_male_majority_older,base_0015,project_manager,Project Manager,male,majority,older,64.41666666666667,58.416666666666664,-6.000000000000007,6.000000000000007
base_0015_male_majority_older,base_0015,software_developer,Software Developer,male,majority,older,23.333333333333332,23.75,0.41666666666666785,0.41666666666666785
base_0015_male_majority_younger,base_0015,data_analyst,Data Analyst,male,majority,younger,42.916666666666664,42.5,-0.4166666666666643,0.4166666666666643
base_0015_male_majority_younger,base_0015,hr_coordinator,HR Coordinator,male,majority,younger,45.833333333333336,50.333333333333336,4.5,4.5
base_0015_male_majority_younger,base_0015,marketing_specialist,Marketing Specialist,male,majority,younger,39.583333333333336,46.083333333333336,6.5,6.5
base_0015_male_majority_younger,base_0015,project_manager,Project Manager,male,majority,younger,59.833333333333336,59.833333333333336,0.0,0.0
base_0015_male_majority_younger,base_0015,software_developer,Software Developer,male,majority,younger,22.916666666666668,23.75,0.8333333333333321,0.8333333333333321
base_0015_male_minority_older,base_0015,data_analyst,Data Analyst,male,minority,older,45.416666666666664,49.166666666666664,3.75,3.75
base_0015_male_minority_older,base_0015,hr_coordinator,HR Coordinator,male,minority,older,49.583333333333336,53.333333333333336,3.75,3.75
base_0015_male_minority_older,base_0015,marketing_specialist,Marketing Specialist,male,minority,older,48.333333333333336,51.916666666666664,3.5833333333333286,3.5833333333333286
base_0015_male_minority_older,base_0015,project_manager,Project Manager,male,minority,older,63.166666666666664,59.333333333333336,-3.8333333333333286,3.8333333333333286
base_0015_male_minority_older,base_0015,software_developer,Software Developer,male,minority,older,24.583333333333332,25.0,0.41666666666666785,0.41666666666666785
base_0015_male_minority_younger,base_0015,data_analyst,Data Analyst,male,minority,younger,41.25,42.916666666666664,1.6666666666666643,1.6666666666666643
base_0015_male_minority_younger,base_0015,hr_coordinator,HR Coordinator,male,minority,younger,48.333333333333336,51.25,2.9166666666666643,2.9166666666666643
base_0015_male_minority_younger,base_0015,marketing_specialist,Marketing Specialist,male,minority,younger,45.0,50.416666666666664,5.416666666666664,5.416666666666664
base_0015_male_minority_younger,base_0015,project_manager,Project Manager,male,minority,younger,62.916666666666664,60.416666666666664,-2.5,2.5
base_0015_male_minority_younger,base_0015,software_developer,Software Developer,male,minority,younger,21.916666666666668,23.75,1.8333333333333321,1.8333333333333321
